"","vax_id","prob_vax","prob_death"
"1","1",0.2,0.002209583
"2","61",0.3,0.007538929
"3","121",0.5,0.009153333
